iter,sharpe,n_trades,win_rate,mom_flat_thresh,mom_peak_thresh,mom_exit_thresh,vol_exhaust_hi,vol_exhaust_lo,sl_buffer,trail_step,taker_win_min,max_hold_bars
0,-inf,0,,-0.02,0.008,-0.008,1.4,0.4,0.0003,0.0002,0.008,40
1,-inf,0,,-0.02,0.008,-0.008,1.4,0.4,0.0003,0.0002,0.008,60
2,-inf,0,,-0.02,0.008,-0.008,1.4,0.4,0.0003,0.0002,0.008,90
3,-inf,0,,-0.02,0.008,-0.008,1.4,0.6,0.0003,0.0002,0.008,40
4,-inf,0,,-0.02,0.008,-0.008,1.4,0.6,0.0003,0.0002,0.008,60
5,-inf,0,,-0.02,0.008,-0.008,1.4,0.6,0.0003,0.0002,0.008,90
6,-inf,0,,-0.02,0.008,-0.008,1.4,0.8,0.0003,0.0002,0.008,40
7,-inf,0,,-0.02,0.008,-0.008,1.4,0.8,0.0003,0.0002,0.008,60
8,-inf,0,,-0.02,0.008,-0.008,1.4,0.8,0.0003,0.0002,0.008,90
9,-inf,0,,-0.02,0.008,-0.008,1.6,0.4,0.0003,0.0002,0.008,40
10,-inf,0,,-0.02,0.008,-0.008,1.6,0.4,0.0003,0.0002,0.008,60
11,-inf,0,,-0.02,0.008,-0.008,1.6,0.4,0.0003,0.0002,0.008,90
12,-inf,0,,-0.02,0.008,-0.008,1.6,0.6,0.0003,0.0002,0.008,40
13,-inf,0,,-0.02,0.008,-0.008,1.6,0.6,0.0003,0.0002,0.008,60
14,-inf,0,,-0.02,0.008,-0.008,1.6,0.6,0.0003,0.0002,0.008,90
15,-inf,0,,-0.02,0.008,-0.008,1.6,0.8,0.0003,0.0002,0.008,40
16,-inf,0,,-0.02,0.008,-0.008,1.6,0.8,0.0003,0.0002,0.008,60
17,-inf,0,,-0.02,0.008,-0.008,1.6,0.8,0.0003,0.0002,0.008,90
18,-inf,0,,-0.02,0.008,-0.008,1.8,0.4,0.0003,0.0002,0.008,40
19,-inf,0,,-0.02,0.008,-0.008,1.8,0.4,0.0003,0.0002,0.008,60
20,-inf,0,,-0.02,0.008,-0.008,1.8,0.4,0.0003,0.0002,0.008,90
21,-inf,0,,-0.02,0.008,-0.008,1.8,0.6,0.0003,0.0002,0.008,40
22,-inf,0,,-0.02,0.008,-0.008,1.8,0.6,0.0003,0.0002,0.008,60
23,-inf,0,,-0.02,0.008,-0.008,1.8,0.6,0.0003,0.0002,0.008,90
24,-inf,0,,-0.02,0.008,-0.008,1.8,0.8,0.0003,0.0002,0.008,40
25,-inf,0,,-0.02,0.008,-0.008,1.8,0.8,0.0003,0.0002,0.008,60
26,-inf,0,,-0.02,0.008,-0.008,1.8,0.8,0.0003,0.0002,0.008,90
27,-inf,0,,-0.02,0.008,-0.008,2.2,0.4,0.0003,0.0002,0.008,40
28,-inf,0,,-0.02,0.008,-0.008,2.2,0.4,0.0003,0.0002,0.008,60
29,-inf,0,,-0.02,0.008,-0.008,2.2,0.4,0.0003,0.0002,0.008,90
30,-inf,0,,-0.02,0.008,-0.008,2.2,0.6,0.0003,0.0002,0.008,40
31,-inf,0,,-0.02,0.008,-0.008,2.2,0.6,0.0003,0.0002,0.008,60
32,-inf,0,,-0.02,0.008,-0.008,2.2,0.6,0.0003,0.0002,0.008,90
33,-inf,0,,-0.02,0.008,-0.008,2.2,0.8,0.0003,0.0002,0.008,40
34,-inf,0,,-0.02,0.008,-0.008,2.2,0.8,0.0003,0.0002,0.008,60
35,-inf,0,,-0.02,0.008,-0.008,2.2,0.8,0.0003,0.0002,0.008,90
36,-inf,0,,-0.02,0.008,-0.005,1.4,0.4,0.0003,0.0002,0.008,40
37,-inf,0,,-0.02,0.008,-0.005,1.4,0.4,0.0003,0.0002,0.008,60
38,-inf,0,,-0.02,0.008,-0.005,1.4,0.4,0.0003,0.0002,0.008,90
39,-inf,0,,-0.02,0.008,-0.005,1.4,0.6,0.0003,0.0002,0.008,40
40,-inf,0,,-0.02,0.008,-0.005,1.4,0.6,0.0003,0.0002,0.008,60
41,-inf,0,,-0.02,0.008,-0.005,1.4,0.6,0.0003,0.0002,0.008,90
42,-inf,0,,-0.02,0.008,-0.005,1.4,0.8,0.0003,0.0002,0.008,40
43,-inf,0,,-0.02,0.008,-0.005,1.4,0.8,0.0003,0.0002,0.008,60
44,-inf,0,,-0.02,0.008,-0.005,1.4,0.8,0.0003,0.0002,0.008,90
45,-inf,0,,-0.02,0.008,-0.005,1.6,0.4,0.0003,0.0002,0.008,40
46,-inf,0,,-0.02,0.008,-0.005,1.6,0.4,0.0003,0.0002,0.008,60
47,-inf,0,,-0.02,0.008,-0.005,1.6,0.4,0.0003,0.0002,0.008,90
48,-inf,0,,-0.02,0.008,-0.005,1.6,0.6,0.0003,0.0002,0.008,40
49,-inf,0,,-0.02,0.008,-0.005,1.6,0.6,0.0003,0.0002,0.008,60
50,-inf,0,,-0.02,0.008,-0.005,1.6,0.6,0.0003,0.0002,0.008,90
51,-inf,0,,-0.02,0.008,-0.005,1.6,0.8,0.0003,0.0002,0.008,40
52,-inf,0,,-0.02,0.008,-0.005,1.6,0.8,0.0003,0.0002,0.008,60
53,-inf,0,,-0.02,0.008,-0.005,1.6,0.8,0.0003,0.0002,0.008,90
54,-inf,0,,-0.02,0.008,-0.005,1.8,0.4,0.0003,0.0002,0.008,40
55,-inf,0,,-0.02,0.008,-0.005,1.8,0.4,0.0003,0.0002,0.008,60
56,-inf,0,,-0.02,0.008,-0.005,1.8,0.4,0.0003,0.0002,0.008,90
57,-inf,0,,-0.02,0.008,-0.005,1.8,0.6,0.0003,0.0002,0.008,40
58,-inf,0,,-0.02,0.008,-0.005,1.8,0.6,0.0003,0.0002,0.008,60
59,-inf,0,,-0.02,0.008,-0.005,1.8,0.6,0.0003,0.0002,0.008,90
60,-inf,0,,-0.02,0.008,-0.005,1.8,0.8,0.0003,0.0002,0.008,40
61,-inf,0,,-0.02,0.008,-0.005,1.8,0.8,0.0003,0.0002,0.008,60
62,-inf,0,,-0.02,0.008,-0.005,1.8,0.8,0.0003,0.0002,0.008,90
63,-inf,0,,-0.02,0.008,-0.005,2.2,0.4,0.0003,0.0002,0.008,40
64,-inf,0,,-0.02,0.008,-0.005,2.2,0.4,0.0003,0.0002,0.008,60
65,-inf,0,,-0.02,0.008,-0.005,2.2,0.4,0.0003,0.0002,0.008,90
66,-inf,0,,-0.02,0.008,-0.005,2.2,0.6,0.0003,0.0002,0.008,40
67,-inf,0,,-0.02,0.008,-0.005,2.2,0.6,0.0003,0.0002,0.008,60
68,-inf,0,,-0.02,0.008,-0.005,2.2,0.6,0.0003,0.0002,0.008,90
69,-inf,0,,-0.02,0.008,-0.005,2.2,0.8,0.0003,0.0002,0.008,40
70,-inf,0,,-0.02,0.008,-0.005,2.2,0.8,0.0003,0.0002,0.008,60
71,-inf,0,,-0.02,0.008,-0.005,2.2,0.8,0.0003,0.0002,0.008,90
72,-inf,0,,-0.02,0.008,-0.003,1.4,0.4,0.0003,0.0002,0.008,40
73,-inf,0,,-0.02,0.008,-0.003,1.4,0.4,0.0003,0.0002,0.008,60
74,-inf,0,,-0.02,0.008,-0.003,1.4,0.4,0.0003,0.0002,0.008,90
75,-inf,0,,-0.02,0.008,-0.003,1.4,0.6,0.0003,0.0002,0.008,40
76,-inf,0,,-0.02,0.008,-0.003,1.4,0.6,0.0003,0.0002,0.008,60
77,-inf,0,,-0.02,0.008,-0.003,1.4,0.6,0.0003,0.0002,0.008,90
78,-inf,0,,-0.02,0.008,-0.003,1.4,0.8,0.0003,0.0002,0.008,40
79,-inf,0,,-0.02,0.008,-0.003,1.4,0.8,0.0003,0.0002,0.008,60
